slug,year,month,pages,status
berkeley-heights-news,2022,1,16,cache
berkeley-heights-news,2022,2,16,cache
berkeley-heights-news,2022,3,24,ok
berkeley-heights-news,2022,4,24,cache
berkeley-heights-news,2022,5,24,cache
berkeley-heights-news,2022,6,28,cache
berkeley-heights-news,2022,7,20,cache
berkeley-heights-news,2022,8,20,cache
berkeley-heights-news,2022,9,24,ok
berkeley-heights-news,2022,10,20,cache
berkeley-heights-news,2022,11,16,cache
berkeley-heights-news,2022,12,20,cache
berkeley-heights-news,2023,1,16,cache
berkeley-heights-news,2023,2,16,cache
berkeley-heights-news,2023,3,20,ok
berkeley-heights-news,2023,4,24,ok
berkeley-heights-news,2023,5,28,cache
berkeley-heights-news,2023,6,28,cache
berkeley-heights-news,2023,7,28,cache
berkeley-heights-news,2023,8,20,cache
berkeley-heights-news,2023,9,24,cache
berkeley-heights-news,2023,10,20,cache
berkeley-heights-news,2023,11,20,cache
berkeley-heights-news,2023,12,24,cache
berkeley-heights-news,2024,1,20,cache
berkeley-heights-news,2024,2,16,cache
berkeley-heights-news,2024,3,20,cache
berkeley-heights-news,2024,4,20,cache
berkeley-heights-news,2024,5,24,cache
berkeley-heights-news,2024,6,24,cache
berkeley-heights-news,2024,7,16,cache
berkeley-heights-news,2024,8,16,cache
berkeley-heights-news,2024,9,20,cache
berkeley-heights-news,2024,10,20,cache
berkeley-heights-news,2024,11,20,cache
berkeley-heights-news,2024,12,20,cache
berkeley-heights-news,2025,1,20,cache
berkeley-heights-news,2025,2,16,cache
berkeley-heights-news,2025,3,20,cache
berkeley-heights-news,2025,4,20,cache
berkeley-heights-news,2025,5,24,cache
berkeley-heights-news,2025,6,20,cache
berkeley-heights-news,2025,7,30,cache
berkeley-heights-news,2025,8,20,cache
berkeley-heights-news,2025,9,20,cache
berkeley-heights-news,2025,10,24,cache
berkeley-heights-news,2025,11,20,cache
berkeley-heights-news,2025,12,30,cache
berkeley-heights-news,2026,1,16,cache
berkeley-heights-news,2026,2,16,cache
berkeley-heights-news,2026,3,16,cache
berkeley-heights-news,2026,4,20,cache
berkeley-heights-news,2026,5,20,cache
clark-monthly,2022,1,20,cache
clark-monthly,2022,2,16,cache
clark-monthly,2022,3,24,cache
clark-monthly,2022,4,24,cache
clark-monthly,2022,5,28,cache
clark-monthly,2022,6,24,cache
clark-monthly,2022,7,20,cache
clark-monthly,2022,8,16,cache
clark-monthly,2022,9,28,cache
clark-monthly,2022,10,24,cache
clark-monthly,2022,11,24,cache
clark-monthly,2022,12,28,cache
clark-monthly,2023,1,24,cache
clark-monthly,2023,2,20,cache
clark-monthly,2023,3,24,cache
clark-monthly,2023,4,24,cache
clark-monthly,2023,5,28,cache
clark-monthly,2023,6,28,cache
clark-monthly,2023,7,28,cache
clark-monthly,2023,8,24,cache
clark-monthly,2023,9,28,cache
clark-monthly,2023,10,24,cache
clark-monthly,2023,11,24,cache
clark-monthly,2023,12,24,cache
clark-monthly,2024,1,20,cache
clark-monthly,2024,2,16,cache
clark-monthly,2024,3,20,cache
clark-monthly,2024,4,24,cache
clark-monthly,2024,5,28,cache
clark-monthly,2024,6,24,cache
clark-monthly,2024,7,24,cache
clark-monthly,2024,8,20,cache
clark-monthly,2024,9,24,cache
clark-monthly,2024,10,24,cache
clark-monthly,2024,11,20,cache
clark-monthly,2024,12,20,cache
clark-monthly,2025,1,16,cache
clark-monthly,2025,2,20,cache
clark-monthly,2025,3,16,cache
clark-monthly,2025,4,24,cache
clark-monthly,2025,5,20,cache
clark-monthly,2025,6,20,cache
clark-monthly,2025,7,20,cache
clark-monthly,2025,8,20,cache
clark-monthly,2025,9,20,cache
clark-monthly,2025,10,24,cache
clark-monthly,2025,11,26,cache
clark-monthly,2025,12,16,cache
clark-monthly,2026,1,20,cache
clark-monthly,2026,2,16,cache
clark-monthly,2026,3,16,cache
clark-monthly,2026,4,20,cache
clark-monthly,2026,5,16,cache
cranford-monthly,2022,1,20,cache
cranford-monthly,2022,2,16,cache
cranford-monthly,2022,3,24,cache
cranford-monthly,2022,4,28,cache
cranford-monthly,2022,5,32,cache
cranford-monthly,2022,6,28,cache
cranford-monthly,2022,7,24,cache
cranford-monthly,2022,8,24,cache
cranford-monthly,2022,9,28,cache
cranford-monthly,2022,10,28,cache
cranford-monthly,2022,11,24,cache
cranford-monthly,2022,12,32,cache
cranford-monthly,2023,1,28,cache
cranford-monthly,2023,2,20,cache
cranford-monthly,2023,3,24,cache
cranford-monthly,2023,4,28,cache
cranford-monthly,2023,5,32,cache
cranford-monthly,2023,6,32,cache
cranford-monthly,2023,7,28,cache
cranford-monthly,2023,8,24,cache
cranford-monthly,2023,9,28,cache
cranford-monthly,2023,10,24,cache
cranford-monthly,2023,11,28,cache
cranford-monthly,2023,12,28,cache
cranford-monthly,2024,1,24,cache
cranford-monthly,2024,2,24,cache
cranford-monthly,2024,3,24,cache
cranford-monthly,2024,4,32,cache
cranford-monthly,2024,5,32,cache
cranford-monthly,2024,6,24,cache
cranford-monthly,2024,7,24,cache
cranford-monthly,2024,8,16,cache
cranford-monthly,2024,9,24,cache
cranford-monthly,2024,10,24,cache
cranford-monthly,2024,11,20,cache
cranford-monthly,2024,12,24,cache
cranford-monthly,2025,1,16,recount
cranford-monthly,2025,2,24,recount
cranford-monthly,2025,3,16,recount
cranford-monthly,2025,4,24,recount
cranford-monthly,2025,5,24,recount
cranford-monthly,2025,6,20,cache
cranford-monthly,2025,7,16,cache
cranford-monthly,2025,8,24,cache
cranford-monthly,2025,9,20,cache
cranford-monthly,2025,10,20,cache
cranford-monthly,2025,11,20,cache
cranford-monthly,2025,12,16,ok
cranford-monthly,2026,1,16,recount
cranford-monthly,2026,2,20,recount
cranford-monthly,2026,3,16,recount
cranford-monthly,2026,4,24,recount
cranford-monthly,2026,5,24,recount
east-hanover-view,2024,12,16,cache
east-hanover-view,2025,1,8,recount
east-hanover-view,2025,2,12,recount
east-hanover-view,2025,3,12,recount
east-hanover-view,2025,4,16,recount
east-hanover-view,2025,5,16,recount
east-hanover-view,2025,6,16,ok
east-hanover-view,2025,7,12,cache
east-hanover-view,2025,8,16,ok
east-hanover-view,2025,9,12,cache
east-hanover-view,2025,10,12,cache
east-hanover-view,2025,11,12,cache
east-hanover-view,2025,12,8,cache
east-hanover-view,2026,1,12,recount
east-hanover-view,2026,2,8,recount
east-hanover-view,2026,3,12,recount
east-hanover-view,2026,4,12,recount
east-hanover-view,2026,5,12,recount
elmora-hills,2022,3,12,cache
elmora-hills,2022,4,16,cache
elmora-hills,2022,5,16,cache
elmora-hills,2022,6,12,cache
elmora-hills,2022,7,12,cache
elmora-hills,2022,8,12,cache
elmora-hills,2022,9,12,cache
elmora-hills,2022,10,16,cache
elmora-hills,2022,11,12,cache
elmora-hills,2022,12,16,cache
elmora-hills,2023,1,12,cache
elmora-hills,2023,2,12,cache
elmora-hills,2023,3,16,cache
elmora-hills,2023,4,12,cache
elmora-hills,2023,5,16,cache
elmora-hills,2023,6,16,cache
elmora-hills,2023,7,16,cache
elmora-hills,2023,8,12,cache
elmora-hills,2023,9,16,cache
elmora-hills,2023,10,12,cache
elmora-hills,2023,11,16,cache
elmora-hills,2023,12,16,cache
elmora-hills,2024,1,12,cache
elmora-hills,2024,2,12,cache
elmora-hills,2024,3,12,cache
elmora-hills,2024,4,16,cache
elmora-hills,2024,5,16,cache
elmora-hills,2024,6,12,cache
elmora-hills,2024,7,12,cache
elmora-hills,2024,8,8,cache
elmora-hills,2024,9,12,cache
elmora-hills,2024,10,12,cache
elmora-hills,2024,11,12,cache
elmora-hills,2024,12,12,cache
elmora-hills,2025,1,8,cache
elmora-hills,2025,2,12,cache
elmora-hills,2025,3,12,cache
elmora-hills,2025,4,16,cache
elmora-hills,2025,5,12,cache
elmora-hills,2025,6,12,cache
elmora-hills,2025,7,12,cache
elmora-hills,2025,8,16,cache
elmora-hills,2025,9,12,cache
elmora-hills,2025,10,16,cache
elmora-hills,2025,11,12,cache
elmora-hills,2025,12,12,cache
elmora-hills,2026,1,12,cache
elmora-hills,2026,2,8,cache
elmora-hills,2026,3,12,cache
elmora-hills,2026,4,12,cache
elmora-hills,2026,5,12,cache
fanwood-post,2022,1,12,cache
fanwood-post,2022,2,12,cache
fanwood-post,2022,3,12,cache
fanwood-post,2022,4,20,cache
fanwood-post,2022,5,20,cache
fanwood-post,2022,6,16,cache
fanwood-post,2022,7,16,cache
fanwood-post,2022,8,12,cache
fanwood-post,2022,9,16,cache
fanwood-post,2022,10,16,cache
fanwood-post,2022,11,12,cache
fanwood-post,2022,12,16,cache
fanwood-post,2023,1,12,cache
fanwood-post,2023,2,12,cache
fanwood-post,2023,3,16,cache
fanwood-post,2023,4,20,cache
fanwood-post,2023,5,16,cache
fanwood-post,2023,6,20,cache
fanwood-post,2023,7,20,cache
fanwood-post,2023,8,16,cache
fanwood-post,2023,9,16,cache
fanwood-post,2023,10,16,cache
fanwood-post,2023,11,20,cache
fanwood-post,2023,12,20,cache
fanwood-post,2024,1,21,cache
fanwood-post,2024,2,12,cache
fanwood-post,2024,3,16,cache
fanwood-post,2024,4,16,cache
fanwood-post,2024,5,16,cache
fanwood-post,2024,6,16,cache
fanwood-post,2024,7,16,cache
fanwood-post,2024,8,12,cache
fanwood-post,2024,9,16,cache
fanwood-post,2024,10,15,cache
fanwood-post,2024,11,12,cache
fanwood-post,2024,12,12,cache
fanwood-post,2025,1,12,cache
fanwood-post,2025,2,12,cache
fanwood-post,2025,3,12,cache
fanwood-post,2025,4,12,cache
fanwood-post,2025,5,16,cache
fanwood-post,2025,6,12,cache
fanwood-post,2025,7,12,cache
fanwood-post,2025,8,12,cache
fanwood-post,2025,9,12,cache
fanwood-post,2025,10,16,cache
fanwood-post,2025,11,12,cache
fanwood-post,2025,12,12,cache
fanwood-post,2026,1,12,cache
fanwood-post,2026,2,12,cache
fanwood-post,2026,3,12,cache
fanwood-post,2026,4,20,cache
fanwood-post,2026,5,12,cache
florham-park-press,2022,3,12,cache
florham-park-press,2022,4,16,cache
florham-park-press,2022,5,12,cache
florham-park-press,2022,6,16,cache
florham-park-press,2022,7,12,cache
florham-park-press,2022,8,12,cache
florham-park-press,2022,9,12,cache
florham-park-press,2022,10,12,cache
florham-park-press,2022,11,12,cache
florham-park-press,2022,12,16,cache
florham-park-press,2023,1,12,cache
florham-park-press,2023,2,8,cache
florham-park-press,2023,3,8,cache
florham-park-press,2023,4,12,cache
florham-park-press,2023,5,16,cache
florham-park-press,2023,6,16,cache
florham-park-press,2023,7,16,cache
florham-park-press,2023,8,12,cache
florham-park-press,2023,9,16,cache
florham-park-press,2023,10,16,cache
florham-park-press,2023,11,16,cache
florham-park-press,2023,12,16,cache
florham-park-press,2024,1,12,cache
florham-park-press,2024,2,12,cache
florham-park-press,2024,3,12,cache
florham-park-press,2024,4,12,cache
florham-park-press,2024,5,16,cache
florham-park-press,2024,6,16,cache
florham-park-press,2024,7,12,cache
florham-park-press,2024,8,8,cache
florham-park-press,2024,9,12,cache
florham-park-press,2024,10,16,cache
florham-park-press,2024,11,16,cache
florham-park-press,2024,12,16,cache
florham-park-press,2025,1,12,cache
florham-park-press,2025,2,12,cache
florham-park-press,2025,3,12,cache
florham-park-press,2025,4,16,cache
florham-park-press,2025,5,20,cache
florham-park-press,2025,6,20,cache
florham-park-press,2025,7,20,cache
florham-park-press,2025,8,16,cache
florham-park-press,2025,10,16,cache
florham-park-press,2025,11,16,cache
florham-park-press,2025,12,12,cache
florham-park-press,2026,1,12,cache
florham-park-press,2026,2,12,cache
florham-park-press,2026,3,16,cache
florham-park-press,2026,4,16,cache
florham-park-press,2026,5,16,cache
garwood-times,2022,1,8,cache
garwood-times,2022,2,8,cache
garwood-times,2022,3,12,cache
garwood-times,2022,4,20,cache
garwood-times,2022,5,12,cache
garwood-times,2022,6,12,cache
garwood-times,2022,7,12,cache
garwood-times,2022,8,12,cache
garwood-times,2022,9,12,cache
garwood-times,2022,10,16,cache
garwood-times,2022,11,12,cache
garwood-times,2022,12,16,cache
garwood-times,2023,1,12,cache
garwood-times,2023,2,8,cache
garwood-times,2023,3,12,cache
garwood-times,2023,4,12,cache
garwood-times,2023,5,16,cache
garwood-times,2023,6,16,cache
garwood-times,2023,7,16,cache
garwood-times,2023,8,12,cache
garwood-times,2023,9,12,cache
garwood-times,2023,10,12,cache
garwood-times,2023,11,16,cache
garwood-times,2023,12,12,cache
garwood-times,2024,1,12,cache
garwood-times,2024,2,12,cache
garwood-times,2024,3,12,ok
garwood-times,2024,4,12,ok
garwood-times,2024,5,16,ok
garwood-times,2024,6,16,cache
garwood-times,2024,7,12,cache
garwood-times,2024,8,8,cache
garwood-times,2024,9,12,cache
garwood-times,2024,10,12,cache
garwood-times,2024,11,12,cache
garwood-times,2024,12,12,cache
garwood-times,2025,1,8,cache
garwood-times,2025,2,12,cache
garwood-times,2025,3,8,cache
garwood-times,2025,4,12,cache
garwood-times,2025,5,12,cache
garwood-times,2025,6,12,cache
garwood-times,2025,7,12,cache
garwood-times,2025,8,12,cache
garwood-times,2025,9,12,cache
garwood-times,2025,10,12,cache
garwood-times,2025,11,12,cache
garwood-times,2025,12,12,cache
garwood-times,2026,1,8,cache
garwood-times,2026,2,8,cache
garwood-times,2026,3,8,cache
garwood-times,2026,4,12,cache
garwood-times,2026,5,8,cache
green-brook-gazette,2022,1,8,cache
green-brook-gazette,2022,2,8,cache
green-brook-gazette,2022,3,12,cache
green-brook-gazette,2022,4,16,cache
green-brook-gazette,2022,5,16,cache
green-brook-gazette,2022,6,16,cache
green-brook-gazette,2022,7,12,cache
green-brook-gazette,2022,8,12,cache
green-brook-gazette,2022,9,16,cache
green-brook-gazette,2022,10,16,cache
green-brook-gazette,2022,11,12,cache
green-brook-gazette,2022,12,19,cache
green-brook-gazette,2023,1,12,cache
green-brook-gazette,2023,2,12,cache
green-brook-gazette,2023,3,12,cache
green-brook-gazette,2023,4,12,cache
green-brook-gazette,2023,5,12,cache
green-brook-gazette,2023,6,16,cache
green-brook-gazette,2023,7,16,cache
green-brook-gazette,2023,8,12,cache
green-brook-gazette,2023,9,12,cache
green-brook-gazette,2023,10,12,cache
green-brook-gazette,2023,11,16,cache
green-brook-gazette,2023,12,12,cache
green-brook-gazette,2024,1,12,cache
green-brook-gazette,2024,2,12,cache
green-brook-gazette,2024,3,16,cache
green-brook-gazette,2024,4,16,cache
green-brook-gazette,2024,5,16,cache
green-brook-gazette,2024,6,16,cache
green-brook-gazette,2024,7,12,cache
green-brook-gazette,2024,8,12,cache
green-brook-gazette,2024,9,12,cache
green-brook-gazette,2024,10,12,cache
green-brook-gazette,2024,11,16,cache
green-brook-gazette,2024,12,12,cache
green-brook-gazette,2025,1,12,cache
green-brook-gazette,2025,2,12,cache
green-brook-gazette,2025,3,21,cache
green-brook-gazette,2025,4,16,cache
green-brook-gazette,2025,5,16,cache
green-brook-gazette,2025,6,12,cache
green-brook-gazette,2025,7,12,cache
green-brook-gazette,2025,8,16,cache
green-brook-gazette,2025,9,12,cache
green-brook-gazette,2025,10,12,cache
green-brook-gazette,2025,11,12,cache
green-brook-gazette,2025,12,12,cache
green-brook-gazette,2026,1,12,cache
green-brook-gazette,2026,2,12,cache
green-brook-gazette,2026,3,12,cache
green-brook-gazette,2026,4,16,cache
green-brook-gazette,2026,5,12,cache
hanover-township-press,2024,12,16,cache
hanover-township-press,2025,1,8,cache
hanover-township-press,2025,2,12,cache
hanover-township-press,2025,3,8,cache
hanover-township-press,2025,4,16,cache
hanover-township-press,2025,5,16,cache
hanover-township-press,2025,6,16,cache
hanover-township-press,2025,7,12,cache
hanover-township-press,2025,8,16,cache
hanover-township-press,2025,9,12,cache
hanover-township-press,2025,10,12,cache
hanover-township-press,2025,11,12,cache
hanover-township-press,2025,12,12,cache
hanover-township-press,2026,1,8,cache
hanover-township-press,2026,2,8,cache
hanover-township-press,2026,3,12,cache
hanover-township-press,2026,4,12,cache
hanover-township-press,2026,5,12,cache
kenilworth-business-life,2022,1,12,cache
kenilworth-business-life,2022,2,12,cache
kenilworth-business-life,2022,3,16,cache
kenilworth-business-life,2022,4,20,cache
kenilworth-business-life,2022,5,20,cache
kenilworth-business-life,2022,6,16,cache
kenilworth-business-life,2022,7,12,cache
kenilworth-business-life,2022,8,12,cache
kenilworth-business-life,2022,9,16,cache
kenilworth-business-life,2022,10,16,cache
kenilworth-business-life,2022,11,16,cache
kenilworth-business-life,2022,12,16,cache
kenilworth-business-life,2023,1,12,cache
kenilworth-business-life,2023,2,12,cache
kenilworth-business-life,2023,3,16,cache
kenilworth-business-life,2023,4,16,cache
kenilworth-business-life,2023,5,16,cache
kenilworth-business-life,2023,6,20,cache
kenilworth-business-life,2023,7,20,cache
kenilworth-business-life,2023,8,16,cache
kenilworth-business-life,2023,9,20,cache
kenilworth-business-life,2023,10,16,cache
kenilworth-business-life,2023,11,16,cache
kenilworth-business-life,2023,12,16,cache
kenilworth-business-life,2024,1,12,cache
kenilworth-business-life,2024,2,12,cache
kenilworth-business-life,2024,3,12,cache
kenilworth-business-life,2024,4,16,cache
kenilworth-business-life,2024,5,16,cache
kenilworth-business-life,2024,6,16,cache
kenilworth-business-life,2024,7,12,cache
kenilworth-business-life,2024,8,12,cache
kenilworth-business-life,2024,9,16,cache
kenilworth-business-life,2024,10,12,cache
kenilworth-business-life,2024,11,12,cache
kenilworth-business-life,2024,12,8,cache
kenilworth-business-life,2025,1,8,cache
kenilworth-business-life,2025,2,12,cache
kenilworth-business-life,2025,3,12,cache
kenilworth-business-life,2025,4,16,cache
kenilworth-business-life,2025,5,16,cache
kenilworth-business-life,2025,6,12,cache
kenilworth-business-life,2025,7,12,cache
kenilworth-business-life,2025,8,16,cache
kenilworth-business-life,2025,9,12,cache
kenilworth-business-life,2025,10,16,cache
kenilworth-business-life,2025,11,12,cache
kenilworth-business-life,2025,12,12,cache
kenilworth-business-life,2026,1,12,cache
kenilworth-business-life,2026,2,12,cache
kenilworth-business-life,2026,3,12,cache
kenilworth-business-life,2026,4,16,cache
kenilworth-business-life,2026,5,12,cache
life-in-linden,2022,1,16,cache
life-in-linden,2022,2,16,cache
life-in-linden,2022,3,20,cache
life-in-linden,2022,4,24,cache
life-in-linden,2022,5,24,cache
life-in-linden,2022,6,20,cache
life-in-linden,2022,7,20,cache
life-in-linden,2022,8,20,cache
life-in-linden,2022,9,24,cache
life-in-linden,2022,10,24,cache
life-in-linden,2022,11,20,cache
life-in-linden,2022,12,24,cache
life-in-linden,2023,1,16,cache
life-in-linden,2023,2,16,cache
life-in-linden,2023,3,20,cache
life-in-linden,2023,4,20,cache
life-in-linden,2023,5,24,cache
life-in-linden,2023,6,24,cache
life-in-linden,2023,7,28,cache
life-in-linden,2023,8,24,cache
life-in-linden,2023,9,24,cache
life-in-linden,2023,10,24,cache
life-in-linden,2023,11,24,cache
life-in-linden,2023,12,24,cache
life-in-linden,2024,1,16,cache
life-in-linden,2024,2,16,cache
life-in-linden,2024,3,16,cache
life-in-linden,2024,4,24,cache
life-in-linden,2024,5,28,cache
life-in-linden,2024,6,24,cache
life-in-linden,2024,7,20,cache
life-in-linden,2024,8,16,cache
life-in-linden,2024,9,20,cache
life-in-linden,2024,10,20,cache
life-in-linden,2024,11,20,cache
life-in-linden,2024,12,16,cache
life-in-linden,2025,1,12,cache
life-in-linden,2025,2,20,cache
life-in-linden,2025,3,16,cache
life-in-linden,2025,4,16,cache
life-in-linden,2025,5,20,cache
life-in-linden,2025,6,16,cache
life-in-linden,2025,7,16,cache
life-in-linden,2025,8,20,cache
life-in-linden,2025,9,16,cache
life-in-linden,2025,10,20,cache
life-in-linden,2025,11,20,cache
life-in-linden,2025,12,16,cache
life-in-linden,2026,1,16,cache
life-in-linden,2026,2,16,cache
life-in-linden,2026,3,16,cache
life-in-linden,2026,4,16,cache
life-in-linden,2026,5,12,cache
life-in-roseland,2024,12,16,cache
life-in-roseland,2025,1,8,ok
life-in-roseland,2025,2,12,cache
life-in-roseland,2025,3,12,ok
life-in-roseland,2025,4,16,cache
life-in-roseland,2025,5,12,ok
life-in-roseland,2025,6,12,cache
life-in-roseland,2025,7,12,cache
life-in-roseland,2025,8,12,cache
life-in-roseland,2025,9,12,cache
life-in-roseland,2025,10,12,cache
life-in-roseland,2025,11,12,cache
life-in-roseland,2025,12,12,cache
life-in-roseland,2026,1,8,cache
life-in-roseland,2026,2,8,cache
life-in-roseland,2026,3,12,cache
life-in-roseland,2026,4,12,cache
life-in-roseland,2026,5,12,cache
livingston-monthly,2024,12,20,cache
livingston-monthly,2025,1,12,cache
livingston-monthly,2025,2,20,cache
livingston-monthly,2025,3,12,cache
livingston-monthly,2025,4,20,cache
livingston-monthly,2025,5,20,cache
livingston-monthly,2025,6,16,cache
livingston-monthly,2025,7,16,cache
livingston-monthly,2025,8,16,cache
livingston-monthly,2025,9,16,cache
livingston-monthly,2025,10,16,cache
livingston-monthly,2025,11,16,cache
livingston-monthly,2025,12,16,cache
livingston-monthly,2026,1,12,cache
livingston-monthly,2026,2,12,cache
livingston-monthly,2026,3,16,cache
livingston-monthly,2026,4,16,cache
livingston-monthly,2026,5,16,cache
long-hill-leader,2022,1,12,cache
long-hill-leader,2022,2,12,cache
long-hill-leader,2022,3,12,cache
long-hill-leader,2022,4,16,cache
long-hill-leader,2022,5,16,cache
long-hill-leader,2022,6,16,cache
long-hill-leader,2022,7,12,cache
long-hill-leader,2022,8,12,cache
long-hill-leader,2022,9,12,cache
long-hill-leader,2022,10,16,cache
long-hill-leader,2022,11,12,cache
long-hill-leader,2022,12,16,cache
long-hill-leader,2023,1,12,cache
long-hill-leader,2023,2,12,cache
long-hill-leader,2023,3,12,cache
long-hill-leader,2023,4,12,cache
long-hill-leader,2023,5,16,cache
long-hill-leader,2023,6,20,cache
long-hill-leader,2023,7,20,cache
long-hill-leader,2023,8,12,cache
long-hill-leader,2023,9,16,cache
long-hill-leader,2023,10,12,cache
long-hill-leader,2023,11,16,cache
long-hill-leader,2023,12,16,cache
long-hill-leader,2024,1,12,cache
long-hill-leader,2024,2,12,cache
long-hill-leader,2024,3,12,cache
long-hill-leader,2024,4,16,cache
long-hill-leader,2024,5,16,cache
long-hill-leader,2024,6,16,cache
long-hill-leader,2024,7,16,cache
long-hill-leader,2024,8,8,cache
long-hill-leader,2024,9,16,cache
long-hill-leader,2024,10,12,cache
long-hill-leader,2024,12,12,cache
long-hill-leader,2025,1,12,cache
long-hill-leader,2025,2,12,cache
long-hill-leader,2025,3,12,cache
long-hill-leader,2025,4,16,cache
long-hill-leader,2025,5,16,cache
long-hill-leader,2025,6,12,cache
long-hill-leader,2025,7,16,cache
long-hill-leader,2025,8,16,cache
long-hill-leader,2025,9,12,cache
long-hill-leader,2025,10,12,cache
long-hill-leader,2025,11,12,cache
long-hill-leader,2025,12,12,cache
long-hill-leader,2026,1,12,cache
long-hill-leader,2026,2,8,cache
long-hill-leader,2026,3,1,cache
long-hill-leader,2026,4,12,cache
long-hill-leader,2026,5,12,cache
madison-monthly,2022,1,8,cache
madison-monthly,2022,2,12,cache
madison-monthly,2022,3,12,cache
madison-monthly,2022,4,16,cache
madison-monthly,2022,5,12,cache
madison-monthly,2022,6,16,cache
madison-monthly,2022,7,12,cache
madison-monthly,2022,8,12,cache
madison-monthly,2022,9,16,cache
madison-monthly,2022,10,16,cache
madison-monthly,2022,11,12,cache
madison-monthly,2022,12,16,cache
madison-monthly,2023,1,12,cache
madison-monthly,2023,2,12,cache
madison-monthly,2023,3,12,cache
madison-monthly,2023,4,12,cache
madison-monthly,2023,5,20,cache
madison-monthly,2023,6,20,cache
madison-monthly,2023,7,16,cache
madison-monthly,2023,8,12,cache
madison-monthly,2023,9,16,cache
madison-monthly,2023,10,16,cache
madison-monthly,2023,11,16,cache
madison-monthly,2023,12,16,cache
madison-monthly,2024,1,12,cache
madison-monthly,2024,2,16,cache
madison-monthly,2024,3,16,cache
madison-monthly,2024,4,16,cache
madison-monthly,2024,5,20,cache
madison-monthly,2024,6,16,cache
madison-monthly,2024,7,12,cache
madison-monthly,2024,8,12,cache
madison-monthly,2024,9,16,cache
madison-monthly,2024,10,16,cache
madison-monthly,2024,11,12,cache
madison-monthly,2024,12,20,cache
madison-monthly,2025,1,12,cache
madison-monthly,2025,2,12,cache
madison-monthly,2025,3,16,cache
madison-monthly,2025,4,20,cache
madison-monthly,2025,5,20,cache
madison-monthly,2025,6,16,cache
madison-monthly,2025,7,16,cache
madison-monthly,2025,8,16,cache
madison-monthly,2025,9,20,cache
madison-monthly,2025,10,15,cache
madison-monthly,2025,11,16,cache
madison-monthly,2025,12,12,cache
madison-monthly,2026,1,12,cache
madison-monthly,2026,2,12,cache
madison-monthly,2026,3,16,cache
madison-monthly,2026,4,16,cache
madison-monthly,2026,5,16,cache
millburn-short-hills-monthly,2022,3,16,cache
millburn-short-hills-monthly,2022,4,20,cache
millburn-short-hills-monthly,2022,5,20,cache
millburn-short-hills-monthly,2022,6,24,cache
millburn-short-hills-monthly,2022,7,16,cache
millburn-short-hills-monthly,2022,8,20,cache
millburn-short-hills-monthly,2022,9,20,cache
millburn-short-hills-monthly,2022,10,20,cache
millburn-short-hills-monthly,2022,11,16,cache
millburn-short-hills-monthly,2022,12,24,cache
millburn-short-hills-monthly,2023,1,16,cache
millburn-short-hills-monthly,2023,2,16,cache
millburn-short-hills-monthly,2023,3,20,cache
millburn-short-hills-monthly,2023,4,24,cache
millburn-short-hills-monthly,2023,5,20,cache
millburn-short-hills-monthly,2023,6,24,cache
millburn-short-hills-monthly,2023,7,24,cache
millburn-short-hills-monthly,2023,8,20,cache
millburn-short-hills-monthly,2023,9,24,cache
millburn-short-hills-monthly,2023,10,16,cache
millburn-short-hills-monthly,2023,11,20,cache
millburn-short-hills-monthly,2023,12,20,cache
millburn-short-hills-monthly,2024,1,20,cache
millburn-short-hills-monthly,2024,2,20,cache
millburn-short-hills-monthly,2024,3,20,cache
millburn-short-hills-monthly,2024,4,20,cache
millburn-short-hills-monthly,2024,5,28,cache
millburn-short-hills-monthly,2024,6,24,cache
millburn-short-hills-monthly,2024,7,16,cache
millburn-short-hills-monthly,2024,8,12,cache
millburn-short-hills-monthly,2024,9,20,cache
millburn-short-hills-monthly,2024,10,20,cache
millburn-short-hills-monthly,2024,11,20,cache
millburn-short-hills-monthly,2024,12,24,cache
millburn-short-hills-monthly,2025,1,20,cache
millburn-short-hills-monthly,2025,2,16,cache
millburn-short-hills-monthly,2025,3,16,cache
millburn-short-hills-monthly,2025,4,28,cache
millburn-short-hills-monthly,2025,5,28,cache
millburn-short-hills-monthly,2025,6,20,cache
millburn-short-hills-monthly,2025,7,20,cache
millburn-short-hills-monthly,2025,8,20,cache
millburn-short-hills-monthly,2025,9,20,cache
millburn-short-hills-monthly,2025,10,20,cache
millburn-short-hills-monthly,2025,11,16,cache
millburn-short-hills-monthly,2025,12,16,cache
millburn-short-hills-monthly,2026,1,16,cache
millburn-short-hills-monthly,2026,2,16,cache
millburn-short-hills-monthly,2026,3,20,cache
millburn-short-hills-monthly,2026,4,20,cache
millburn-short-hills-monthly,2026,5,24,cache
morris-township-times,2024,12,20,cache
morris-township-times,2025,1,12,cache
morris-township-times,2025,2,12,cache
morris-township-times,2025,3,12,cache
morris-township-times,2025,4,20,ok
morris-township-times,2025,5,16,cache
morris-township-times,2025,6,16,cache
morris-township-times,2025,7,17,cache
morris-township-times,2025,8,16,cache
morris-township-times,2025,9,16,cache
morris-township-times,2025,10,12,cache
morris-township-times,2025,11,16,cache
morris-township-times,2025,12,12,cache
morris-township-times,2026,1,12,cache
morris-township-times,2026,2,12,cache
morris-township-times,2026,3,16,ok
morris-township-times,2026,4,16,ok
morris-township-times,2026,5,16,ok
morristown-monthly,2024,12,20,ok
morristown-monthly,2025,1,12,cache
morristown-monthly,2025,2,12,ok
morristown-monthly,2025,3,12,cache
morristown-monthly,2025,4,16,ok
morristown-monthly,2025,5,16,cache
morristown-monthly,2025,6,16,cache
morristown-monthly,2025,7,13,cache
morristown-monthly,2025,8,16,cache
morristown-monthly,2025,9,12,cache
morristown-monthly,2025,10,16,cache
morristown-monthly,2025,11,16,cache
morristown-monthly,2025,12,12,cache
morristown-monthly,2026,1,12,cache
morristown-monthly,2026,2,12,cache
morristown-monthly,2026,3,12,cache
morristown-monthly,2026,4,16,cache
morristown-monthly,2026,5,12,cache
mountainside-view,2022,1,8,cache
mountainside-view,2022,2,12,cache
mountainside-view,2022,3,16,cache
mountainside-view,2022,4,20,cache
mountainside-view,2022,5,20,cache
mountainside-view,2022,6,20,cache
mountainside-view,2022,7,16,cache
mountainside-view,2022,8,16,cache
mountainside-view,2022,9,16,cache
mountainside-view,2022,10,20,cache
mountainside-view,2022,11,16,cache
mountainside-view,2022,12,20,cache
mountainside-view,2023,1,16,cache
mountainside-view,2023,2,12,cache
mountainside-view,2023,3,16,cache
mountainside-view,2023,4,20,cache
mountainside-view,2023,5,20,cache
mountainside-view,2023,6,24,cache
mountainside-view,2023,7,24,cache
mountainside-view,2023,8,16,cache
mountainside-view,2023,9,20,cache
mountainside-view,2023,10,20,cache
mountainside-view,2023,11,16,cache
mountainside-view,2023,12,20,cache
mountainside-view,2024,1,12,cache
mountainside-view,2024,2,12,cache
mountainside-view,2024,3,12,cache
mountainside-view,2024,4,20,cache
mountainside-view,2024,5,20,cache
mountainside-view,2024,6,20,cache
mountainside-view,2024,7,12,cache
mountainside-view,2024,8,12,cache
mountainside-view,2024,9,16,cache
mountainside-view,2024,10,20,cache
mountainside-view,2024,11,16,cache
mountainside-view,2024,12,16,cache
mountainside-view,2025,1,12,cache
mountainside-view,2025,2,16,cache
mountainside-view,2025,3,16,cache
mountainside-view,2025,4,20,cache
mountainside-view,2025,5,20,cache
mountainside-view,2025,6,16,cache
mountainside-view,2025,7,16,cache
mountainside-view,2025,8,20,cache
mountainside-view,2025,9,16,cache
mountainside-view,2025,10,20,cache
mountainside-view,2025,11,12,cache
mountainside-view,2025,12,12,cache
mountainside-view,2026,1,16,cache
mountainside-view,2026,2,12,cache
mountainside-view,2026,3,12,cache
mountainside-view,2026,4,20,cache
mountainside-view,2026,5,16,cache
new-providence-news,2022,1,16,cache
new-providence-news,2022,2,20,cache
new-providence-news,2022,3,20,cache
new-providence-news,2022,4,20,cache
new-providence-news,2022,5,24,cache
new-providence-news,2022,6,24,cache
new-providence-news,2022,7,16,cache
new-providence-news,2022,8,16,cache
new-providence-news,2022,9,24,cache
new-providence-news,2022,10,20,cache
new-providence-news,2022,11,16,cache
new-providence-news,2022,12,28,cache
new-providence-news,2023,1,16,cache
new-providence-news,2023,2,16,cache
new-providence-news,2023,3,20,cache
new-providence-news,2023,4,24,cache
new-providence-news,2023,5,28,cache
new-providence-news,2023,6,24,cache
new-providence-news,2023,7,24,cache
new-providence-news,2023,8,16,cache
new-providence-news,2023,9,28,cache
new-providence-news,2023,10,20,cache
new-providence-news,2023,11,20,cache
new-providence-news,2023,12,20,cache
new-providence-news,2024,1,20,cache
new-providence-news,2024,2,16,cache
new-providence-news,2024,3,20,cache
new-providence-news,2024,4,24,cache
new-providence-news,2024,5,28,cache
new-providence-news,2024,6,24,cache
new-providence-news,2024,7,16,cache
new-providence-news,2024,8,16,cache
new-providence-news,2024,9,20,cache
new-providence-news,2024,10,24,cache
new-providence-news,2024,11,20,cache
new-providence-news,2024,12,24,cache
new-providence-news,2025,1,20,cache
new-providence-news,2025,2,20,cache
new-providence-news,2025,3,20,cache
new-providence-news,2025,4,24,cache
new-providence-news,2025,5,28,cache
new-providence-news,2025,6,24,cache
new-providence-news,2025,7,20,cache
new-providence-news,2025,8,24,cache
new-providence-news,2025,9,24,cache
new-providence-news,2025,10,24,cache
new-providence-news,2025,11,20,cache
new-providence-news,2025,12,20,cache
new-providence-news,2026,1,20,cache
new-providence-news,2026,2,20,cache
new-providence-news,2026,3,20,cache
new-providence-news,2026,4,24,cache
new-providence-news,2026,5,24,cache
our-town-rahway,2022,1,16,cache
our-town-rahway,2022,2,16,cache
our-town-rahway,2022,3,24,cache
our-town-rahway,2022,4,24,cache
our-town-rahway,2022,5,24,cache
our-town-rahway,2022,6,24,cache
our-town-rahway,2022,7,20,cache
our-town-rahway,2022,8,20,cache
our-town-rahway,2022,9,24,cache
our-town-rahway,2022,10,24,cache
our-town-rahway,2022,11,24,cache
our-town-rahway,2022,12,24,cache
our-town-rahway,2023,1,20,cache
our-town-rahway,2023,2,20,cache
our-town-rahway,2023,3,20,cache
our-town-rahway,2023,4,20,cache
our-town-rahway,2023,5,24,cache
our-town-rahway,2023,6,24,cache
our-town-rahway,2023,7,28,cache
our-town-rahway,2023,8,24,cache
our-town-rahway,2023,9,24,cache
our-town-rahway,2023,10,24,cache
our-town-rahway,2023,11,28,cache
our-town-rahway,2023,12,24,cache
our-town-rahway,2024,1,16,cache
our-town-rahway,2024,2,16,cache
our-town-rahway,2024,3,20,cache
our-town-rahway,2024,4,24,cache
our-town-rahway,2024,5,28,cache
our-town-rahway,2024,6,20,cache
our-town-rahway,2024,7,20,cache
our-town-rahway,2024,8,20,ok
our-town-rahway,2024,9,20,cache
our-town-rahway,2024,10,20,cache
our-town-rahway,2024,11,20,cache
our-town-rahway,2024,12,16,cache
our-town-rahway,2025,1,16,cache
our-town-rahway,2025,2,16,cache
our-town-rahway,2025,3,16,cache
our-town-rahway,2025,4,20,cache
our-town-rahway,2025,5,20,cache
our-town-rahway,2025,6,16,cache
our-town-rahway,2025,7,16,cache
our-town-rahway,2025,8,20,cache
our-town-rahway,2025,9,20,cache
our-town-rahway,2025,10,20,cache
our-town-rahway,2025,11,34,cache
our-town-rahway,2025,12,16,cache
our-town-rahway,2026,1,16,cache
our-town-rahway,2026,2,16,cache
our-town-rahway,2026,3,16,cache
our-town-rahway,2026,4,20,cache
our-town-rahway,2026,5,12,cache
roselle-park-monthly,2022,1,12,cache
roselle-park-monthly,2022,2,12,cache
roselle-park-monthly,2022,3,16,cache
roselle-park-monthly,2022,4,20,cache
roselle-park-monthly,2022,5,16,cache
roselle-park-monthly,2022,6,16,cache
roselle-park-monthly,2022,7,12,cache
roselle-park-monthly,2022,8,12,cache
roselle-park-monthly,2022,9,16,cache
roselle-park-monthly,2022,10,16,cache
roselle-park-monthly,2022,11,16,cache
roselle-park-monthly,2022,12,20,cache
roselle-park-monthly,2023,1,12,cache
roselle-park-monthly,2023,2,12,cache
roselle-park-monthly,2023,3,16,cache
roselle-park-monthly,2023,4,16,cache
roselle-park-monthly,2023,5,16,cache
roselle-park-monthly,2023,6,20,cache
roselle-park-monthly,2023,7,20,cache
roselle-park-monthly,2023,8,16,cache
roselle-park-monthly,2023,9,16,cache
roselle-park-monthly,2023,10,16,cache
roselle-park-monthly,2023,11,16,cache
roselle-park-monthly,2023,12,16,cache
roselle-park-monthly,2024,1,12,cache
roselle-park-monthly,2024,2,12,cache
roselle-park-monthly,2024,3,12,cache
roselle-park-monthly,2024,4,16,cache
roselle-park-monthly,2024,5,16,cache
roselle-park-monthly,2024,6,16,cache
roselle-park-monthly,2024,7,12,cache
roselle-park-monthly,2024,8,12,cache
roselle-park-monthly,2024,9,12,cache
roselle-park-monthly,2024,10,12,cache
roselle-park-monthly,2024,11,12,cache
roselle-park-monthly,2024,12,8,cache
roselle-park-monthly,2025,1,8,cache
roselle-park-monthly,2025,2,12,cache
roselle-park-monthly,2025,3,12,cache
roselle-park-monthly,2025,4,16,cache
roselle-park-monthly,2025,5,12,cache
roselle-park-monthly,2025,6,12,cache
roselle-park-monthly,2025,7,12,cache
roselle-park-monthly,2025,8,12,cache
roselle-park-monthly,2025,9,12,cache
roselle-park-monthly,2025,10,16,cache
roselle-park-monthly,2025,11,12,cache
roselle-park-monthly,2025,12,12,cache
roselle-park-monthly,2026,1,12,cache
roselle-park-monthly,2026,2,12,cache
roselle-park-monthly,2026,3,12,cache
roselle-park-monthly,2026,4,12,cache
roselle-park-monthly,2026,5,12,cache
scotch-plains-monthly,2022,1,16,cache
scotch-plains-monthly,2022,2,16,cache
scotch-plains-monthly,2022,3,20,cache
scotch-plains-monthly,2022,4,28,cache
scotch-plains-monthly,2022,5,28,cache
scotch-plains-monthly,2022,6,24,cache
scotch-plains-monthly,2022,7,20,cache
scotch-plains-monthly,2022,8,20,cache
scotch-plains-monthly,2022,9,24,cache
scotch-plains-monthly,2022,10,24,cache
scotch-plains-monthly,2022,11,20,cache
scotch-plains-monthly,2022,12,28,cache
scotch-plains-monthly,2023,1,20,cache
scotch-plains-monthly,2023,2,20,cache
scotch-plains-monthly,2023,3,20,cache
scotch-plains-monthly,2023,4,28,cache
scotch-plains-monthly,2023,5,28,cache
scotch-plains-monthly,2023,6,32,cache
scotch-plains-monthly,2023,7,32,cache
scotch-plains-monthly,2023,8,24,cache
scotch-plains-monthly,2023,9,28,cache
scotch-plains-monthly,2023,10,28,cache
scotch-plains-monthly,2023,11,28,cache
scotch-plains-monthly,2023,12,28,cache
scotch-plains-monthly,2024,1,24,cache
scotch-plains-monthly,2024,2,20,cache
scotch-plains-monthly,2024,3,20,cache
scotch-plains-monthly,2024,4,28,cache
scotch-plains-monthly,2024,5,28,cache
scotch-plains-monthly,2024,6,28,cache
scotch-plains-monthly,2024,7,24,cache
scotch-plains-monthly,2024,8,20,cache
scotch-plains-monthly,2024,9,24,cache
scotch-plains-monthly,2024,10,23,cache
scotch-plains-monthly,2024,11,20,cache
scotch-plains-monthly,2024,12,16,cache
scotch-plains-monthly,2025,1,16,cache
scotch-plains-monthly,2025,2,16,cache
scotch-plains-monthly,2025,3,16,cache
scotch-plains-monthly,2025,4,24,cache
scotch-plains-monthly,2025,5,20,cache
scotch-plains-monthly,2025,6,16,cache
scotch-plains-monthly,2025,7,16,cache
scotch-plains-monthly,2025,8,20,cache
scotch-plains-monthly,2025,9,20,cache
scotch-plains-monthly,2025,10,20,cache
scotch-plains-monthly,2025,11,16,cache
scotch-plains-monthly,2025,12,16,cache
scotch-plains-monthly,2026,1,16,cache
scotch-plains-monthly,2026,2,12,cache
scotch-plains-monthly,2026,3,16,cache
scotch-plains-monthly,2026,4,24,cache
scotch-plains-monthly,2026,5,16,cache
spirit-of-union,2022,1,12,cache
spirit-of-union,2022,2,12,cache
spirit-of-union,2022,3,16,cache
spirit-of-union,2022,4,20,cache
spirit-of-union,2022,5,16,cache
spirit-of-union,2022,6,16,cache
spirit-of-union,2022,7,16,cache
spirit-of-union,2022,8,12,cache
spirit-of-union,2022,9,16,cache
spirit-of-union,2022,10,20,cache
spirit-of-union,2022,11,16,cache
spirit-of-union,2022,12,20,cache
spirit-of-union,2023,1,12,cache
spirit-of-union,2023,2,12,cache
spirit-of-union,2023,3,16,cache
spirit-of-union,2023,4,16,cache
spirit-of-union,2023,5,16,cache
spirit-of-union,2023,6,20,ok
spirit-of-union,2023,7,16,cache
spirit-of-union,2023,8,16,cache
spirit-of-union,2023,9,16,cache
spirit-of-union,2023,10,16,cache
spirit-of-union,2023,11,16,cache
spirit-of-union,2023,12,16,cache
spirit-of-union,2024,1,12,cache
spirit-of-union,2024,2,12,ok
spirit-of-union,2024,3,12,cache
spirit-of-union,2024,4,16,cache
spirit-of-union,2024,5,16,cache
spirit-of-union,2024,6,16,ok
spirit-of-union,2024,7,12,cache
spirit-of-union,2024,8,12,cache
spirit-of-union,2024,9,12,cache
spirit-of-union,2024,10,12,cache
spirit-of-union,2024,11,12,cache
spirit-of-union,2024,12,12,cache
spirit-of-union,2025,1,8,cache
spirit-of-union,2025,2,12,cache
spirit-of-union,2025,3,12,cache
spirit-of-union,2025,4,16,cache
spirit-of-union,2025,5,16,cache
spirit-of-union,2025,6,12,cache
spirit-of-union,2025,7,12,cache
spirit-of-union,2025,8,16,cache
spirit-of-union,2025,9,12,cache
spirit-of-union,2025,10,16,cache
spirit-of-union,2025,11,12,cache
spirit-of-union,2025,12,12,cache
spirit-of-union,2026,1,12,cache
spirit-of-union,2026,2,12,cache
spirit-of-union,2026,3,12,cache
spirit-of-union,2026,4,12,cache
summit-times,2022,1,20,cache
summit-times,2022,2,20,cache
summit-times,2022,3,24,cache
summit-times,2022,4,28,cache
summit-times,2022,5,28,cache
summit-times,2022,6,28,cache
summit-times,2022,7,20,cache
summit-times,2022,8,20,cache
summit-times,2022,9,24,cache
summit-times,2022,10,24,cache
summit-times,2022,11,20,cache
summit-times,2022,12,24,cache
summit-times,2023,1,20,cache
summit-times,2023,2,20,cache
summit-times,2023,3,24,cache
summit-times,2023,4,24,cache
summit-times,2023,5,28,cache
summit-times,2023,6,28,cache
summit-times,2023,7,28,cache
summit-times,2023,8,24,cache
summit-times,2023,9,28,cache
summit-times,2023,10,20,cache
summit-times,2023,11,24,cache
summit-times,2023,12,24,cache
summit-times,2024,1,20,cache
summit-times,2024,2,20,cache
summit-times,2024,3,24,cache
summit-times,2024,4,24,cache
summit-times,2024,5,28,cache
summit-times,2024,6,24,cache
summit-times,2024,7,20,cache
summit-times,2024,8,20,cache
summit-times,2024,9,24,cache
summit-times,2024,10,24,cache
summit-times,2024,11,20,cache
summit-times,2024,12,28,cache
summit-times,2025,1,20,cache
summit-times,2025,2,20,cache
summit-times,2025,3,20,cache
summit-times,2025,4,20,cache
summit-times,2025,5,28,cache
summit-times,2025,6,24,cache
summit-times,2025,7,24,cache
summit-times,2025,8,24,cache
summit-times,2025,9,24,cache
summit-times,2025,10,24,cache
summit-times,2025,11,24,cache
summit-times,2025,12,24,cache
summit-times,2026,1,20,cache
summit-times,2026,2,20,cache
summit-times,2026,3,24,cache
summit-times,2026,4,28,cache
summit-times,2026,5,28,cache
the-chathams,2022,1,16,cache
the-chathams,2022,2,16,cache
the-chathams,2022,3,20,cache
the-chathams,2022,4,24,cache
the-chathams,2022,5,24,cache
the-chathams,2022,6,24,cache
the-chathams,2022,7,16,cache
the-chathams,2022,8,16,cache
the-chathams,2022,9,20,cache
the-chathams,2022,10,20,cache
the-chathams,2022,11,16,cache
the-chathams,2022,12,20,cache
the-chathams,2023,1,16,cache
the-chathams,2023,2,16,cache
the-chathams,2023,3,16,cache
the-chathams,2023,4,20,cache
the-chathams,2023,5,24,cache
the-chathams,2023,6,24,cache
the-chathams,2023,7,24,cache
the-chathams,2023,8,20,cache
the-chathams,2023,9,24,cache
the-chathams,2023,10,20,cache
the-chathams,2023,11,20,cache
the-chathams,2023,12,20,cache
the-chathams,2024,1,20,cache
the-chathams,2024,2,20,cache
the-chathams,2024,3,20,cache
the-chathams,2024,4,20,cache
the-chathams,2024,5,24,cache
the-chathams,2024,6,24,cache
the-chathams,2024,7,16,cache
the-chathams,2024,8,12,cache
the-chathams,2024,9,20,cache
the-chathams,2024,10,20,cache
the-chathams,2024,11,16,cache
the-chathams,2024,12,24,cache
the-chathams,2025,1,16,cache
the-chathams,2025,2,31,cache
the-chathams,2025,3,20,cache
the-chathams,2025,4,24,cache
the-chathams,2025,5,28,cache
the-chathams,2025,6,20,cache
the-chathams,2025,7,20,cache
the-chathams,2025,8,20,cache
the-chathams,2025,9,24,cache
the-chathams,2025,10,20,cache
the-chathams,2025,11,20,cache
the-chathams,2025,12,16,cache
the-chathams,2026,1,16,cache
the-chathams,2026,2,16,cache
the-chathams,2026,3,20,cache
the-chathams,2026,4,20,cache
the-chathams,2026,5,20,cache
warren-monthly,2022,1,12,cache
warren-monthly,2022,2,12,cache
warren-monthly,2022,3,16,cache
warren-monthly,2022,4,20,cache
warren-monthly,2022,5,20,cache
warren-monthly,2022,6,20,cache
warren-monthly,2022,7,16,cache
warren-monthly,2022,8,16,cache
warren-monthly,2022,9,16,cache
warren-monthly,2022,10,20,cache
warren-monthly,2022,11,16,cache
warren-monthly,2022,12,20,cache
warren-monthly,2023,1,12,cache
warren-monthly,2023,2,12,cache
warren-monthly,2023,3,12,cache
warren-monthly,2023,4,16,cache
warren-monthly,2023,5,20,cache
warren-monthly,2023,6,20,cache
warren-monthly,2023,7,20,cache
warren-monthly,2023,8,16,cache
warren-monthly,2023,9,20,cache
warren-monthly,2023,10,16,cache
warren-monthly,2023,11,16,cache
warren-monthly,2023,12,16,cache
warren-monthly,2024,1,16,cache
warren-monthly,2024,2,12,cache
warren-monthly,2024,3,16,cache
warren-monthly,2024,4,20,cache
warren-monthly,2024,5,20,cache
warren-monthly,2024,6,16,cache
warren-monthly,2024,7,16,cache
warren-monthly,2024,8,12,cache
warren-monthly,2024,9,16,cache
warren-monthly,2024,10,16,cache
warren-monthly,2024,11,16,cache
warren-monthly,2024,12,16,cache
warren-monthly,2025,1,12,cache
warren-monthly,2025,2,12,cache
warren-monthly,2025,3,12,cache
warren-monthly,2025,4,20,cache
warren-monthly,2025,5,20,cache
warren-monthly,2025,6,16,cache
warren-monthly,2025,7,16,cache
warren-monthly,2025,8,20,cache
warren-monthly,2025,9,16,cache
warren-monthly,2025,10,16,cache
warren-monthly,2025,11,16,cache
warren-monthly,2025,12,12,cache
warren-monthly,2026,1,16,cache
warren-monthly,2026,2,12,cache
warren-monthly,2026,3,12,cache
warren-monthly,2026,4,16,cache
warren-monthly,2026,5,16,cache
watchung-post,2022,1,12,cache
watchung-post,2022,2,12,cache
watchung-post,2022,3,12,cache
watchung-post,2022,4,16,cache
watchung-post,2022,5,16,cache
watchung-post,2022,6,16,cache
watchung-post,2022,7,12,cache
watchung-post,2022,8,12,cache
watchung-post,2022,9,16,cache
watchung-post,2022,10,20,cache
watchung-post,2022,11,16,cache
watchung-post,2022,12,16,cache
watchung-post,2023,1,12,cache
watchung-post,2023,2,12,cache
watchung-post,2023,3,16,cache
watchung-post,2023,4,12,cache
watchung-post,2023,5,16,cache
watchung-post,2023,6,20,cache
watchung-post,2023,7,20,cache
watchung-post,2023,8,16,cache
watchung-post,2023,9,16,cache
watchung-post,2023,10,12,cache
watchung-post,2023,11,16,cache
watchung-post,2023,12,16,cache
watchung-post,2024,1,12,cache
watchung-post,2024,2,12,cache
watchung-post,2024,3,16,cache
watchung-post,2024,4,16,cache
watchung-post,2024,5,16,cache
watchung-post,2024,6,16,cache
watchung-post,2024,7,16,cache
watchung-post,2024,8,12,cache
watchung-post,2024,9,16,cache
watchung-post,2024,10,16,cache
watchung-post,2024,11,16,cache
watchung-post,2024,12,16,cache
watchung-post,2025,1,12,cache
watchung-post,2025,2,12,cache
watchung-post,2025,3,12,cache
watchung-post,2025,4,16,cache
watchung-post,2025,5,20,cache
watchung-post,2025,6,16,cache
watchung-post,2025,7,16,cache
watchung-post,2025,8,16,cache
watchung-post,2025,9,16,cache
watchung-post,2025,10,16,cache
watchung-post,2025,11,12,cache
watchung-post,2025,12,12,cache
watchung-post,2026,1,12,cache
watchung-post,2026,2,12,cache
watchung-post,2026,3,12,cache
watchung-post,2026,4,16,cache
watchung-post,2026,5,12,cache
westfield-monthly,2022,1,20,cache
westfield-monthly,2022,2,20,cache
westfield-monthly,2022,3,24,cache
westfield-monthly,2022,4,32,cache
westfield-monthly,2022,5,36,cache
westfield-monthly,2022,6,32,cache
westfield-monthly,2022,7,24,cache
westfield-monthly,2022,8,24,cache
westfield-monthly,2022,9,36,cache
westfield-monthly,2022,10,28,cache
westfield-monthly,2022,11,24,cache
westfield-monthly,2022,12,32,cache
westfield-monthly,2023,1,24,cache
westfield-monthly,2023,2,24,cache
westfield-monthly,2023,3,28,cache
westfield-monthly,2023,4,32,cache
westfield-monthly,2023,5,32,cache
westfield-monthly,2023,6,32,cache
westfield-monthly,2023,7,36,cache
westfield-monthly,2023,8,32,cache
westfield-monthly,2023,9,36,cache
westfield-monthly,2023,10,28,cache
westfield-monthly,2023,11,28,cache
westfield-monthly,2023,12,32,cache
westfield-monthly,2024,1,28,cache
westfield-monthly,2024,2,24,cache
westfield-monthly,2024,3,24,cache
westfield-monthly,2024,4,32,cache
westfield-monthly,2024,5,36,cache
westfield-monthly,2024,6,28,cache
westfield-monthly,2024,7,28,cache
westfield-monthly,2024,8,20,cache
westfield-monthly,2024,9,28,cache
westfield-monthly,2024,10,27,cache
westfield-monthly,2024,11,24,cache
westfield-monthly,2024,12,24,cache
westfield-monthly,2025,1,20,cache
westfield-monthly,2025,2,20,cache
westfield-monthly,2025,3,20,cache
westfield-monthly,2025,4,24,cache
westfield-monthly,2025,5,24,cache
westfield-monthly,2025,6,20,cache
westfield-monthly,2025,7,20,cache
westfield-monthly,2025,8,24,cache
westfield-monthly,2025,9,24,cache
westfield-monthly,2025,10,24,cache
westfield-monthly,2025,11,20,cache
westfield-monthly,2025,12,24,cache
westfield-monthly,2026,1,16,cache
westfield-monthly,2026,2,20,cache
westfield-monthly,2026,3,20,cache
westfield-monthly,2026,4,24,cache
westfield-monthly,2026,5,24,cache
